Symbol,median_volatility,hist_volatility,mean_momentum,mean_volume_norm,environmentScore,socialScore,governanceScore,marketCap,beta,highestControversy,GICS_Sector_encoded,GICS_Sector,Cluster_DBSCAN
A,0.019903929846186864,0.25991688753240244,1.0028719033281779,4.769120151183785e-05,1.14,6.23,3.93,24.307711009454184,1.111,1,5.7454237288135594,Health Care,Safe
AAPL,0.016362476723689616,0.23256060505794815,1.0090055385714198,1.581752244893358e-05,0.55,7.31,8.5,28.905184873754752,1.178,3,4.803181818181818,Information Technology,Risky
ABBV,0.01693148645556388,0.23580594761809387,1.0074049561263012,1.5083933126545414e-05,1.78,15.71,8.48,26.645744655401753,0.598,2,5.7454237288135594,Health Care,Safe
ABNB,0.022966357975887048,0.358469909548076,1.0010583250438434,5.24618344229109e-05,1.3,13.81,8.28,25.19600705474822,1.108,2,4.690799999999999,Consumer Discretionary,Safe
ABT,0.014805885051699915,0.1882967698223019,1.0062666166610308,2.3534626798324407e-05,1.81,13.77,6.05,26.21709241959609,0.693,3,5.7454237288135594,Health Care,Safe
ACGL,0.016672077333118925,0.22703200908034996,1.0075442809549007,4.949341950233496e-05,1.57,9.92,8.78,24.275772522490605,0.603,2,8.912463768115943,Financials,Moderate
ACN,0.01593760477374774,0.24594277513642981,1.0039357747534876,1.250662174201693e-05,0.14,6.94,4.01,26.09754374430163,1.239,1,4.803181818181818,Information Technology,Safe
ADBE,0.02107869187848919,0.3494765751334166,0.9906901417708532,1.7288595398329067e-05,1.69,7.23,5.14,25.97995359127734,1.37,2,4.803181818181818,Information Technology,Safe
ADI,0.020829037702159815,0.3266377858494825,1.0053447802915523,2.9103071409113586e-05,7.44,4.51,4.74,25.453702101775722,1.072,1,4.803181818181818,Information Technology,Safe
ADM,0.01918665134729992,0.32820761473933097,0.988548048213648,0.00018166245657440027,20.92,9.39,3.4,23.829857372190922,0.662,3,4.580285714285714,Consumer Staples,Risky
ADP,0.012736536457100387,0.1493689602735622,1.010254345802632,1.2756638237195175e-05,4.01,7.37,3.74,25.588065782826835,0.777,1,4.938666666666666,Industrials,Safe
ADSK,0.018134646579853128,0.2666954279155276,1.0084120784569501,2.6845050649343584e-05,3.34,8.09,3.72,24.79442551681187,1.509,0,4.803181818181818,Information Technology,Safe
AEE,0.015155661446402005,0.17242109294686345,1.0115428390084193,5.627487118561981e-05,13.09,9.82,4.05,24.05479698678685,0.493,2,4.248064516129032,Utilities,Safe
AEP,0.015889260022499296,0.18710549323002312,1.009306739740061,5.418249841038508e-05,10.43,7.61,3.9,24.773777369378674,0.492,2,4.248064516129032,Utilities,Safe
AES,0.029080104494003174,0.3931367213865204,0.9827980357246222,0.0012847210741149446,12.02,9.05,3.25,22.797307545860473,0.983,2,4.248064516129032,Utilities,Risky
AFL,0.013678488570771592,0.20806188693642855,1.0092068472311366,3.590536708467046e-05,1.29,8.32,8.97,24.820958218313095,0.926,1,8.912463768115943,Financials,Moderate
AIG,0.016464159852072304,0.20735651652630155,1.0043502366085755,8.464355360362052e-05,1.95,11.0,10.64,24.61515487655143,1.0,2,8.912463768115943,Financials,Moderate
AIZ,0.01641096567893146,0.19665937201942227,1.0086096343762272,3.396894507627241e-05,1.64,10.8,11.03,23.089973908846062,0.606,1,8.912463768115943,Financials,Moderate
AJG,0.01452051438356172,0.1761054230937031,1.0119427293744685,1.2849002693042519e-05,0.22,10.9,9.14,25.189822684544655,0.755,2,8.912463768115943,Financials,Moderate
AKAM,0.016335030845425435,0.3573488357588529,0.9932427218490667,0.00014745645474640944,2.74,6.83,3.74,23.22271279038192,0.676,1,4.803181818181818,Information Technology,Safe
ALB,0.037009337193635805,0.5538992877718333,0.983657773605917,0.00033907899077308557,11.83,3.79,4.49,22.83035062320765,1.704,2,4.296296296296297,Materials,Risky
ALGN,0.030079171287509327,0.3634786894651678,0.9913981341588198,6.090431802748815e-05,2.69,9.37,6.53,23.279423071567475,1.688,1,5.7454237288135594,Health Care,Risky
ALL,0.016761950407070684,0.22099610575019185,1.0091703519089008,2.946505417702754e-05,1.29,12.59,10.8,24.703903167744635,0.464,2,8.912463768115943,Financials,Moderate
ALLE,0.017641300693263303,0.20576247578257995,1.0026031016759454,6.878252963236598e-05,12.29,5.16,3.8,23.113629270430042,1.116,0,4.938666666666666,Industrials,Safe
AMAT,0.025444624671167516,0.4260489826532402,1.0054508418198873,5.097894228740914e-05,3.8,3.09,4.67,25.540292109838866,1.619,2,4.803181818181818,Information Technology,Safe
AMCR,0.015102517450417983,0.21919028453730574,1.0032405467337964,0.0007677501327504966,11.21,0.95,2.54,23.407111752568824,0.811,1,4.296296296296297,Materials,Risky
AMD,0.03280824247072311,0.47004072203761266,0.9903548085071147,0.0003235359179713558,3.01,4.22,5.28,25.793301474330395,1.736,1,4.803181818181818,Information Technology,Risky
AME,0.014564143162526367,0.21195847150410227,1.0049334817242308,2.7098925480222423e-05,6.49,3.74,4.0,24.485150333862826,1.147,0,4.938666666666666,Industrials,Safe
AMGN,0.017180856606250836,0.25791099148067637,1.0000623070632173,1.6469194583499363e-05,1.83,14.88,6.05,25.840978172632546,0.524,3,5.7454237288135594,Health Care,Safe
AMP,0.015435514595181414,0.21413380802567822,1.0131367253801955,9.007360513577943e-06,1.75,7.58,9.39,24.700079594118066,1.326,2,8.912463768115943,Financials,Moderate
AMT,0.018424915669520238,0.25667841633512795,0.997657145974464,2.384574952262373e-05,4.22,3.93,4.47,25.30806656735812,0.861,1,4.796333333333333,Real Estate,Safe
AMZN,0.019302149566529606,0.2777198561459469,1.0148965368346976,1.8606050725315022e-05,8.3,11.05,6.75,28.407010159791533,1.192,3,4.690799999999999,Consumer Discretionary,Risky
ANET,0.026477010457401747,0.47246740432700074,1.0209385206628097,8.26015249610171e-05,4.1,7.54,4.88,25.40973025482633,1.079,1,4.803181818181818,Information Technology,Safe
ANSS,0.016488328090126673,0.2237090331285682,0.9997183083283736,1.8259760485204916e-05,3.61,7.33,3.75,24.074060829457594,1.109,1,4.803181818181818,Information Technology,Safe
AON,0.014036686187995083,0.1908747241269979,1.0096848153682667,1.2939029223441913e-05,0.07,5.63,9.59,25.205290827291247,0.923,1,8.912463768115943,Financials,Moderate
AOS,0.017337539361010037,0.2349080746075049,0.9942471542920761,0.00010810499058406757,6.65,13.55,6.61,22.977443330768704,1.177,1,4.938666666666666,Industrials,Safe
APA,0.027000318491739308,0.3634043921554722,0.9880869348162902,0.0009424546226775581,27.69,8.26,7.12,22.654040525908613,3.27,2,5.838636363636363,Energy,Risky
APD,0.015684562769317262,0.2770553142646904,1.0074857964579926,2.2819057857131574e-05,8.45,3.44,2.94,24.958996651333628,0.869,1,4.296296296296297,Materials,Safe
APH,0.018210358462340155,0.2978101582918376,1.0134286969522992,8.754166532290627e-05,8.34,4.77,4.9,25.065030533585475,1.258,2,4.803181818181818,Information Technology,Safe
APO,0.022157599060595924,0.317389757820753,1.0193733680733292,3.966865800485117e-05,2.4,9.8,11.65,25.135821639421845,1.647,2,8.912463768115943,Financials,Moderate
APTV,0.02476009516090101,0.3664942915151293,0.9912303530366767,0.0002202459085154992,4.35,4.56,3.97,23.410217608943793,1.785,1,4.690799999999999,Consumer Discretionary,Safe
ARE,0.02048059949342248,0.2611383534482805,0.9921439437385515,6.136617145586118e-05,2.85,3.69,6.59,23.589392580610944,1.193,0,4.796333333333333,Real Estate,Safe
ATO,0.013462373833825116,0.15669426386916283,1.0089236544921907,3.5858026316979033e-05,13.71,13.21,4.31,23.91724970779806,0.664,2,4.248064516129032,Utilities,Safe
AVB,0.016132545161700505,0.18337728069719403,1.007772762327457,2.1570251738498606e-05,2.23,2.4,3.47,24.202828271220874,1.013,1,4.796333333333333,Real Estate,Safe
AVY,0.015085629184453522,0.18260371417816915,0.9981494782672037,3.481021797352269e-05,7.03,1.28,2.67,23.41020652303859,0.861,1,4.296296296296297,Materials,Safe
AWK,0.017116946049129757,0.21128847262395814,0.9998002365165904,4.477254272327663e-05,8.86,6.69,3.63,24.026804640845047,0.681,1,4.248064516129032,Utilities,Safe
AXON,0.02317862739347953,0.49494319161671874,1.0334876600226444,1.600861364592731e-05,2.38,20.09,8.03,24.414416706267552,1.123,1,4.938666666666666,Industrials,Risky
AXP,0.01622000906440312,0.23890695319544675,1.018558223836725,1.3460379343263546e-05,0.13,9.7,8.45,26.058835634702053,1.212,2,8.912463768115943,Financials,Moderate
AZO,0.01700820063655158,0.20381840044900248,1.0096673797030387,2.3008928062158564e-06,0.16,7.21,3.6,24.789973068177986,0.71,2,4.690799999999999,Consumer Discretionary,Safe
BA,0.025165562913907286,0.3323763402339828,0.9917619649734047,7.151022573707997e-05,7.9,22.18,6.47,25.571837000076986,1.526,4,4.938666666666666,Industrials,Risky
BAC,0.01670096482744402,0.22548800652413875,1.0125562158036603,0.00010840343848319777,1.88,13.65,8.83,26.57105918548746,1.331,3,8.912463768115943,Financials,Moderate
BALL,0.01705097762056051,0.2407249892372274,0.9972755544943854,0.00013355527773008819,10.13,0.89,2.04,23.4142642493283,0.991,2,4.296296296296297,Materials,Safe
BAX,0.020788759668660964,0.27769764017078596,0.9938003632774425,0.00024024005641653945,2.73,13.51,5.68,23.60444253942876,0.603,3,5.7454237288135594,Health Care,Risky
BBY,0.022033930940488975,0.3162388377397137,1.0074103921653381,0.000161390238296621,2.53,7.95,3.2,23.643447960746773,1.452,2,4.690799999999999,Consumer Discretionary,Safe
BDX,0.016159663701895397,0.1928951369838632,0.9995761465283775,2.3809151738454435e-05,3.23,13.72,6.72,24.90678040323844,0.379,3,5.7454237288135594,Health Care,Safe
BEN,0.020499992722444117,0.30455457991721957,0.9903972523142621,0.000387604957654284,2.45,9.07,8.16,23.067870725178928,1.45,2,8.912463768115943,Financials,Risky
BG,0.01992031835186489,0.2500815765756617,0.9910045762499744,0.00016544322075407925,14.39,13.26,5.27,22.987413716339223,0.65,3,4.580285714285714,Consumer Staples,Safe
BIIB,0.021638987464420424,0.2547735813045433,0.9790486999222588,6.012876600327422e-05,0.45,13.01,7.05,23.755465202117286,0.012,3,5.7454237288135594,Health Care,Risky
BK,0.014708459957932404,0.19052861886947706,1.018406725503247,6.137032925741119e-05,0.7,10.55,8.67,24.870945143753755,1.051,2,8.912463768115943,Financials,Moderate
BKNG,0.01864349616197343,0.2623900522874807,1.0126483312441565,1.5276978265481865e-06,0.87,9.55,4.35,25.81276776280073,1.404,2,4.690799999999999,Consumer Discretionary,Safe
BKR,0.020471458130829446,0.2778269662984734,1.0140699233099633,0.0001651465273451206,7.3,6.39,5.44,24.488385764524935,1.287,2,5.838636363636363,Energy,Safe
BLDR,0.02786063232239213,0.4228577026014051,0.9980379364600679,0.00010193900679194739,13.64,6.96,6.14,23.453060888921943,2.197,1,4.938666666666666,Industrials,Risky
BMY,0.019828675752240933,0.281197409130857,1.00577432092609,0.00011210968618481464,0.46,14.59,6.14,25.523138946625092,0.436,2,5.7454237288135594,Health Care,Safe
BR,0.013696583622853267,0.17625253263084112,1.0068460718025094,1.774276876577155e-05,5.5,9.51,3.18,24.078411001434148,1.063,0,4.938666666666666,Industrials,Safe
BRO,0.014060380604177102,0.17978785135487624,1.0148297355822196,3.914597691948916e-05,0.31,9.91,10.89,24.257672451641092,0.856,1,8.912463768115943,Financials,Moderate
BSX,0.014134756182174897,0.17136441156843002,1.020210016601358,3.886135092524161e-05,2.4,11.86,7.8,25.765173674353235,0.774,2,5.7454237288135594,Health Care,Safe
BWA,0.02156810428058324,0.293564679998013,0.9964569048921533,0.0004158429377927111,1.71,4.35,3.88,22.564554793326504,1.193,2,4.690799999999999,Consumer Discretionary,Safe
BX,0.023065042215822867,0.2913503684255525,1.0126772888907538,1.7682850495132875e-05,2.37,9.54,13.25,25.98696070234714,1.541,1,8.912463768115943,Financials,Risky
BXP,0.024330576339817785,0.3088364050963847,1.0027690483166962,0.00010467991383183675,2.8,3.93,5.26,23.208615951139535,1.214,0,4.796333333333333,Real Estate,Safe
C,0.01874514373772094,0.26517211872051616,1.0166541910492883,9.88937555346428e-05,1.54,12.57,7.78,25.702926326750113,1.416,3,8.912463768115943,Financials,Moderate
CAG,0.01765536739494827,0.22715942442664802,0.9971408313173532,0.0003969250720338438,9.26,13.84,3.84,23.243715388693552,0.173,2,4.580285714285714,Consumer Staples,Safe
CAH,0.01708166317175003,0.21142278740276993,1.0075365627867465,6.867466665767889e-05,0.76,6.91,3.65,24.163868300437976,0.677,2,5.7454237288135594,Health Care,Safe
CARR,0.020445035960257624,0.28629824344531213,1.0061381859879095,8.200808936140293e-05,7.98,4.67,3.53,24.724322586884725,1.229,2,4.938666666666666,Industrials,Safe
CAT,0.018476911004177574,0.26243185003818364,1.0085246720536005,1.5861854600368133e-05,10.17,11.77,6.39,25.79023735513168,1.138,2,4.938666666666666,Industrials,Safe
CB,0.013743425785113774,0.17972569074152991,1.0062887380230277,1.3895308024445302e-05,2.48,10.85,9.97,25.47681292368414,0.674,2,8.912463768115943,Financials,Moderate
CBOE,0.018855986538968517,0.21051006560371358,1.0053841310447869,3.670029773831377e-05,2.68,8.06,10.72,23.83708073509776,0.661,2,8.912463768115943,Financials,Moderate
CBRE,0.018754546835740675,0.2777678914683343,1.0175100009358726,4.095103209657048e-05,1.46,2.99,4.51,24.465477511528437,1.42,1,4.796333333333333,Real Estate,Safe
CCI,0.01801491305148801,0.22934193978071085,0.9943077743388652,6.554305390424721e-05,5.46,2.9,3.62,24.452820896138192,0.906,1,4.796333333333333,Real Estate,Safe
CCL,0.03069367536904964,0.41378070883255325,1.0152939348628531,0.0008697482793623724,7.26,10.57,4.11,24.171504658746255,2.669,3,4.690799999999999,Consumer Discretionary,Risky
CDNS,0.022647811224067102,0.3616228968712387,1.0030472521567142,2.684956025203388e-05,3.22,8.0,3.27,24.9168955164462,1.053,1,4.803181818181818,Information Technology,Safe
CDW,0.017375376352351427,0.2704118649775596,0.9958330822590938,4.33270636820445e-05,1.82,3.38,2.28,23.85243001662006,1.004,1,4.803181818181818,Information Technology,Safe
CE,0.02210743525783328,0.43474196357509254,0.9725031176351372,0.00027569374213950716,14.75,6.49,3.73,22.360472753801698,1.219,1,4.296296296296297,Materials,Risky
CEG,0.03450299457948312,0.6181400893672776,1.0354509200467232,4.451460615773877e-05,11.6,13.4,3.49,25.009211434795773,0.884,1,4.248064516129032,Utilities,Risky
CF,0.021122018800356097,0.29791902694402644,1.0037372519273673,0.00015931914886060927,15.89,8.85,3.42,23.30490586671783,0.979,1,4.296296296296297,Materials,Safe
CFG,0.021739130618520317,0.30236338033025606,1.0145380936478605,0.0002505276886131745,1.69,8.98,12.27,23.70353015535885,1.324,1,8.912463768115943,Financials,Moderate
CHD,0.015274448320230468,0.17275453076465122,1.0039545136037091,5.163320731991632e-05,7.02,9.59,6.05,24.03975453823149,0.565,2,4.580285714285714,Consumer Staples,Safe
CHRW,0.020380435129353634,0.3088885868490763,1.0061313210175047,0.00012083593901901034,4.47,8.84,4.14,23.20102379570489,0.835,1,4.938666666666666,Industrials,Safe
CHTR,0.025859671886730853,0.3937959493275329,0.9984766212029085,2.4993377050552696e-05,5.36,11.47,6.86,24.686256578768855,1.135,2,6.428421052631579,Communication Services,Safe
CI,0.017717532149707386,0.2480898790990978,0.9992136509273434,1.941726135734629e-05,0.13,8.85,4.01,25.168894298208187,0.533,2,5.7454237288135594,Health Care,Safe
CINF,0.015532833139977642,0.22421912721267828,1.0096025912238389,3.0143772763613972e-05,1.39,9.99,11.73,23.86241246066277,0.674,1,8.912463768115943,Financials,Moderate
CL,0.012863330300508244,0.16472095793790964,1.003956211175352,5.8963622032282675e-05,9.01,10.11,5.01,25.044993710318835,0.392,2,4.580285714285714,Consumer Staples,Safe
CLX,0.01589739737761763,0.21349627745471883,1.0037400104460694,6.497597525894185e-05,7.94,8.5,3.59,23.678389106681433,0.443,2,4.580285714285714,Consumer Staples,Safe
CMCSA,0.017312478168744445,0.25476137340238586,0.9939159748984571,0.00015204027712385375,4.14,9.88,8.25,25.636222147844922,1.006,2,6.428421052631579,Communication Services,Safe
CME,0.014709609712907079,0.1678377423758774,1.0084789708313413,2.091913373305467e-05,2.26,6.13,8.69,25.251206453777954,0.547,1,8.912463768115943,Financials,Moderate
CMG,0.019482777068965496,0.29495428960009545,1.0078581373240894,0.00017510773745209302,10.0,9.72,2.89,25.02239480818301,1.274,2,4.690799999999999,Consumer Discretionary,Safe
CMI,0.017874846441614835,0.24388162214659664,1.0164672026571138,2.668670722997462e-05,9.9,8.15,4.76,24.613842717456127,1.005,3,4.938666666666666,Industrials,Safe
CMS,0.014490322488705779,0.16406489347302397,1.0071101686130084,0.00010235452346180395,9.15,6.85,4.25,23.82014380944929,0.349,2,4.248064516129032,Utilities,Safe
CNC,0.021036688631725683,0.30729539857585403,0.9909614808020609,0.0001478130469157901,0.07,11.43,3.78,24.092739196221792,0.397,2,5.7454237288135594,Health Care,Safe
CNP,0.016214420083574512,0.19888591876859515,1.0061058281056177,0.00022819396039953726,11.31,9.87,3.77,23.838125630066436,0.904,2,4.248064516129032,Utilities,Safe
COF,0.0201361931589585,0.29874444913731496,1.016108241612278,3.5754397844566316e-05,0.32,12.57,7.53,25.038203049151985,1.476,3,8.912463768115943,Financials,Moderate
COP,0.017970092381473343,0.22893990013351168,0.9964564765833134,5.278832007568121e-05,17.2,8.74,7.2,25.492771800971465,1.129,2,5.838636363636363,Energy,Risky
COR,0.013910564071039562,0.18101178325767647,1.0054836789112678,2.8134301710635576e-05,1.09,6.62,4.72,24.624640813615,0.503,2,5.7454237288135594,Health Care,Safe
CPAY,0.018386265570005937,0.2549012792297705,1.0102705876082017,1.8238707618959014e-05,4.74,12.24,5.48,23.970038877200505,1.257,2,8.912463768115943,Financials,Moderate
CPB,0.017583933325391446,0.21968562558943974,0.9967130535157601,0.00021289203812317948,12.07,10.47,3.77,23.23359006582265,0.143,2,4.580285714285714,Consumer Staples,Safe
CPRT,0.015997111377479473,0.2222549154191858,1.0073513056840495,8.181398863247352e-05,3.11,10.08,5.06,24.689719930289968,1.304,1,4.938666666666666,Industrials,Safe
CPT,0.017323167751811402,0.2108245902222235,1.0077469513480661,7.048432290389272e-05,3.5,3.81,6.87,23.318610522019306,0.958,2,4.796333333333333,Real Estate,Safe
CRL,0.025570946560122924,0.3710620762737128,0.9893257969950014,8.299335297971945e-05,1.73,10.75,5.67,22.846921817853342,1.448,1,5.7454237288135594,Health Care,Safe
CRM,0.02074051793678659,0.3505929159744973,1.0082061229975057,2.296615876646935e-05,2.05,8.16,4.97,26.35968981808136,1.354,2,4.803181818181818,Information Technology,Safe
CRWD,0.03219820753119031,0.46898811593062245,1.016630093207459,4.950361528791384e-05,0.97,10.4,6.38,25.269435328564473,1.193,2,4.803181818181818,Information Technology,Safe
CSCO,0.013392004678819921,0.18133958025147767,1.0088959941615134,7.644055178219344e-05,0.4,7.64,4.87,26.254843408467046,0.776,2,4.803181818181818,Information Technology,Safe
CSGP,0.022400236736561732,0.292465697304098,0.9971464962930945,7.811730422095935e-05,5.65,9.56,6.47,24.182628771485913,0.931,1,4.796333333333333,Real Estate,Safe
CSX,0.01609540771754926,0.2125630234147427,0.9985557967895416,0.00019789208244127104,7.12,10.07,3.89,24.825830135072376,1.245,2,4.938666666666666,Industrials,Safe
CTAS,0.014005237650325983,0.21641393927578667,1.0121476488754146,1.8580155450492297e-05,3.19,8.24,5.61,25.150589945358124,1.407,2,4.938666666666666,Industrials,Safe
CTRA,0.01964910417921737,0.24434067714402663,1.0047674068504662,0.0003101695896252249,19.31,7.63,5.81,23.723084113060732,0.242,2,5.838636363636363,Energy,Risky
CTSH,0.015284637800621673,0.20411775395770618,1.0055839898537222,8.927640806012126e-05,2.75,8.01,4.58,24.4442586652968,1.118,2,4.803181818181818,Information Technology,Safe
CTVA,0.017191945709426327,0.2901080393274362,1.01134142342667,7.720773976679992e-05,15.2,14.31,4.25,24.488558436967256,0.79,3,4.296296296296297,Materials,Safe
CVS,0.022393915452966102,0.3856115420839221,0.9926343135376207,0.00014380949918313597,0.07,13.22,4.99,25.12785993833327,0.531,2,5.7454237288135594,Health Care,Safe
CVX,0.014830377874032954,0.1946242342182641,1.003493720794862,2.8710538887662796e-05,19.91,10.61,7.84,26.31994553835804,1.062,3,5.838636363636363,Energy,Risky
CZR,0.03150267922241052,0.4188204466230557,0.9924240172469679,0.0006305995792758633,1.79,9.79,8.29,22.62119279229403,2.968,2,4.690799999999999,Consumer Discretionary,Risky
D,0.017665493908451034,0.22958956076881448,1.0073985572893205,9.225889377459814e-05,14.97,8.33,5.28,24.603923686683906,0.584,2,4.248064516129032,Utilities,Safe
DAL,0.0249710523405135,0.33869805856408514,1.0183853617412375,0.00023851557439623448,11.38,13.88,5.12,24.354422885762993,1.343,2,4.938666666666666,Industrials,Risky
DAY,0.02557605159956,0.35056328842470785,1.0012025300644554,0.0001697063826264939,4.5,7.98,4.79,22.96904555919699,1.332,0,4.938666666666666,Industrials,Safe
DD,0.013886867021944168,0.2582838950072688,1.0030611779311265,7.401318998481434e-05,16.2,6.93,3.73,24.218402828611048,1.28,3,4.296296296296297,Materials,Safe
DE,0.017748151421624718,0.2432634531428299,1.0077245566926194,1.131247461574734e-05,2.45,9.05,4.7,25.56297836054205,1.024,2,4.938666666666666,Industrials,Safe
DECK,0.02518356672448555,0.4306351110933208,1.0130867734795006,0.00011084996219658671,3.2,7.94,3.09,23.75963438747222,1.099,0,4.690799999999999,Consumer Discretionary,Safe
DELL,0.03409682595174682,0.5890473801520585,1.0134942106712292,0.00014600161988913415,0.63,7.29,7.99,24.923061248041172,0.899,3,4.803181818181818,Information Technology,Risky
DFS,0.020996074789461874,0.3698547270985584,1.0218162809671503,3.431882836704404e-05,0.32,12.4,10.09,24.591811079107817,1.448,2,8.912463768115943,Financials,Moderate
DG,0.02476287268811765,0.4286511342010942,0.9797828281272181,0.00021055532337175493,3.86,13.07,4.27,23.483938856397373,0.44,3,4.580285714285714,Consumer Staples,Risky
DGX,0.016364207517459227,0.20615436603886517,1.0076415834628565,4.716537312047623e-05,0.31,13.06,7.12,23.700709755813527,0.919,3,5.7454237288135594,Health Care,Safe
DHI,0.022001383989668413,0.33265341811927357,0.9962737297635424,6.6954365495375e-05,9.99,6.44,5.21,24.42015775181695,1.806,2,4.690799999999999,Consumer Discretionary,Safe
DHR,0.017027310602200422,0.23779264192279598,0.9972555321492181,2.0708875410975493e-05,0.99,3.32,4.21,25.713759646347604,0.849,2,5.7454237288135594,Health Care,Safe
DIS,0.016435361088547675,0.24945147518543404,1.0073468355576147,5.093678218715096e-05,0.09,8.53,5.89,26.040900418884583,1.411,2,6.428421052631579,Communication Services,Safe
DLR,0.01985511272964776,0.27834242704983975,1.0083774982406453,3.6670658566954076e-05,4.13,2.77,5.73,24.698019599309358,0.676,0,4.796333333333333,Real Estate,Safe
DLTR,0.026206419733990235,0.40166836517852744,0.9785133292544752,0.00022607292453470036,3.23,13.01,2.55,23.41709757934465,0.909,2,4.580285714285714,Consumer Staples,Risky
DOV,0.015146601229293467,0.20383619096916084,1.011463239422895,3.470222976227783e-05,7.47,12.55,4.43,24.00132401469634,1.241,0,4.938666666666666,Industrials,Safe
DOW,0.017293198234789208,0.21667054890385143,0.9904647298183192,0.0002119766302538126,12.21,3.44,4.33,23.95997564016106,1.159,3,4.296296296296297,Materials,Safe
DPZ,0.019925553961936588,0.2872059755065055,1.0049272524346722,3.6087856684332375e-05,9.93,11.85,5.71,23.53227264100248,1.063,2,4.690799999999999,Consumer Discretionary,Safe
DRI,0.016990397478231518,0.26972964168034647,1.0083066757118997,5.38303329879264e-05,10.96,12.77,3.73,23.856595491423526,1.272,2,4.690799999999999,Consumer Discretionary,Safe
DTE,0.014840083210819208,0.1829595814120628,1.0062994364965614,4.060465681938494e-05,13.86,11.84,5.58,24.056448739232778,0.601,2,4.248064516129032,Utilities,Safe
DUK,0.013971207097508263,0.1668514137754122,1.0068831855254214,3.386259798491672e-05,13.82,10.42,2.91,25.246603482796868,0.465,2,4.248064516129032,Utilities,Safe
DVA,0.021576114722340188,0.30808853245369405,1.0155365672014307,7.145040396451589e-05,0.07,14.44,7.27,23.16108092401188,0.989,2,5.7454237288135594,Health Care,Safe
DVN,0.020605051748643303,0.2696933947934616,0.9932629677469125,0.00036170624356189087,17.4,8.04,6.12,23.82860302550304,1.954,2,5.838636363636363,Energy,Risky
DXCM,0.02699541143604437,0.5234925457249336,0.9880269607166758,0.00011403620133598694,4.41,10.4,5.43,24.23786583645035,1.288,1,5.7454237288135594,Health Care,Risky
EA,0.015808117357356884,0.2513881878500737,0.9980313130547364,7.015848353502222e-05,0.31,8.43,4.22,24.240160023449842,0.783,1,6.428421052631579,Communication Services,Safe
EBAY,0.019039549700589378,0.273266450977315,1.0177475230960662,0.000171965056708965,2.71,8.05,4.44,24.13746238564759,1.442,2,4.690799999999999,Consumer Discretionary,Safe
ECL,0.013023415202453193,0.1935338366544998,1.0097910357326707,1.455469692426853e-05,11.06,7.25,5.56,25.058701870650268,1.144,2,4.296296296296297,Materials,Safe
ED,0.014597827886371139,0.17360572655684964,1.0026951582453445,5.5456095332439844e-05,7.94,8.65,4.52,24.30858817588125,0.285,2,4.248064516129032,Utilities,Safe
EFX,0.0204879856680934,0.29028574667702894,1.0021861991297856,2.9773374428754313e-05,0.23,16.75,5.23,24.13524180995665,1.647,2,4.938666666666666,Industrials,Safe
EG,0.016951514814814883,0.24013294940722296,0.9977453829004577,2.386808199828464e-05,1.39,6.67,9.91,23.450388531214678,0.609,1,8.912463768115943,Financials,Moderate
EIX,0.016666710340846116,0.26594095518489475,0.9911186363381785,0.00012362146570532551,8.38,12.11,3.48,23.78104649386365,0.88,3,4.248064516129032,Utilities,Safe
EL,0.027447590354269417,0.4550557349474821,0.9789518863485682,0.0001450274027670665,5.59,10.47,7.9,23.951885990341847,1.071,1,4.580285714285714,Consumer Staples,Risky
ELV,0.016705380104735195,0.23952919407838308,0.9936239709859735,1.4454000965041109e-05,0.09,5.26,3.97,25.22216085053904,0.865,2,5.7454237288135594,Health Care,Safe
EMN,0.017944844637143534,0.23251953331852998,1.0057968471368113,9.107063605028307e-05,21.57,8.05,4.85,23.110078942654752,1.451,2,4.296296296296297,Materials,Risky
EMR,0.015756518708646035,0.2571411346240193,1.0107925698622007,4.198018319381966e-05,6.05,12.6,4.13,24.914013411931496,1.351,1,4.938666666666666,Industrials,Safe
ENPH,0.04660798871081653,0.6115591505368873,0.9795431618105335,0.0005738079129607983,4.84,8.81,6.25,22.669710371335302,2.12,1,4.803181818181818,Information Technology,Risky
EOG,0.017783557651737846,0.22706398804263944,1.0050400321973394,4.589309747803794e-05,21.34,6.51,6.53,24.93979441907122,1.26,2,5.838636363636363,Energy,Risky
EPAM,0.02334451450360542,0.4388551646255921,0.9947679751599906,5.6164422177069474e-05,4.84,16.47,6.06,23.147939852169475,1.608,0,4.803181818181818,Information Technology,Risky
EQIX,0.017785941337504624,0.24595818530359911,1.005933892254627,5.9755303708270985e-06,3.56,4.76,4.82,25.207720173672847,0.734,1,4.796333333333333,Real Estate,Safe
EQR,0.016461533767730192,0.19488381218101092,1.0068296485738712,6.0499801530154394e-05,3.2,2.95,5.27,24.102916095622223,0.933,1,4.796333333333333,Real Estate,Safe
EQT,0.025882875669391844,0.34346195064410034,1.0125114891969642,0.0002515870853254366,16.61,9.29,5.79,24.094050433173486,1.119,1,5.838636363636363,Energy,Risky
ES,0.018979244157960175,0.23672650066091155,1.0024019410292444,0.00010669135054620796,4.1,8.17,5.82,23.863579762739306,0.617,2,4.248064516129032,Utilities,Safe
ESS,0.01716854138115478,0.21096863125223522,1.0074275322111463,1.794490467632202e-05,3.38,2.93,5.31,23.798380159417764,0.92,1,4.796333333333333,Real Estate,Safe
ETN,0.0195245040482597,0.3165465564265904,1.0101427572655652,2.0712958727381617e-05,7.76,9.26,4.03,25.42417338422019,1.084,2,4.938666666666666,Industrials,Safe
ETR,0.015302005232539004,0.2413529018168597,1.0195554076393973,8.75102251450545e-05,13.29,7.48,4.25,24.356341765089276,0.668,2,4.248064516129032,Utilities,Safe
EVRG,0.01403645030877449,0.15589868234319912,1.0094932292351046,0.0001268876238549946,13.73,10.64,4.88,23.49524336450727,0.602,1,4.248064516129032,Utilities,Safe
EW,0.022134613407578035,0.40182772667496724,0.999494685025389,0.00011067118552449935,2.96,13.41,5.64,24.46345188714318,1.123,2,5.7454237288135594,Health Care,Safe
EXC,0.015941539280173327,0.17973752917216548,1.0069591883980673,0.00015210353072754967,6.36,8.1,4.52,24.525084323341932,0.58,3,4.248064516129032,Utilities,Safe
EXPD,0.01677937229489224,0.19965325375860374,0.9966477585142871,7.312422661881028e-05,5.07,9.04,4.29,23.51833094220425,0.995,2,4.938666666666666,Industrials,Safe
EXPE,0.0228584934354485,0.3952931284428875,1.009111738686665,8.260181032857844e-05,2.73,11.42,7.24,23.939491297058773,1.832,2,4.690799999999999,Consumer Discretionary,Safe
EXR,0.019404396820276403,0.24722247843795508,1.0015351077153458,3.144630642635307e-05,4.89,3.87,4.91,24.248640577042515,0.918,1,4.796333333333333,Real Estate,Safe
F,0.021719521709930467,0.35480177045399214,0.9957712348909692,0.0015391424482668532,12.91,7.06,7.59,24.340026019787206,1.607,3,4.690799999999999,Consumer Discretionary,Risky
FANG,0.019894041265890484,0.28096731482084664,1.0032373530656888,4.379979700295647e-05,19.99,9.91,7.41,24.480674271736593,1.831,2,5.838636363636363,Energy,Risky
FAST,0.015605552130217807,0.22644985609739895,1.0064677567327551,7.518184861277651e-05,9.51,8.36,7.17,24.476370163038602,1.04,2,4.938666666666666,Industrials,Safe
FCX,0.023698565851297756,0.3458039138987283,0.9981267233656653,0.0002535779947198047,17.09,6.8,4.22,24.65624949507689,1.869,4,4.296296296296297,Materials,Risky
FDS,0.015098302315850224,0.20442197028297698,1.0005292008446116,1.5342973806938248e-05,3.74,6.2,5.57,23.58095153961147,0.762,1,8.912463768115943,Financials,Moderate
FDX,0.01645306487007427,0.2990073142813526,1.0028598231656132,2.8847788407772966e-05,5.73,8.5,4.91,24.85562869947273,1.239,2,4.938666666666666,Industrials,Safe
FE,0.013436703947680696,0.18719798298224574,1.00426322927147,0.00013771707421955055,12.64,10.75,4.12,23.851909253253485,0.466,3,4.248064516129032,Utilities,Safe
FFIV,0.015112480758658457,0.2721716146640398,1.0191697147356442,3.295913825417214e-05,4.33,7.71,4.26,23.519442952655844,1.103,1,4.803181818181818,Information Technology,Safe
FI,0.01436329565769292,0.18890575481589392,1.0183653612371875,1.9356073236718755e-05,5.16,10.21,3.84,25.617135078091525,0.928,2,8.912463768115943,Financials,Risky
FICO,0.02191808263269991,0.3124913960228615,1.0155096858560608,3.856815806538519e-06,4.88,9.11,6.1,24.5417871837994,1.411,2,4.803181818181818,Information Technology,Safe
FIS,0.016595362371148604,0.23144490981611798,1.008046574993998,9.600708601970712e-05,5.45,9.99,2.81,24.367246303580043,1.116,1,8.912463768115943,Financials,Moderate
FITB,0.019377808747441157,0.24454376375107492,1.0097487504893885,0.00015863629865838343,0.78,8.86,7.23,24.078588694900514,1.235,2,8.912463768115943,Financials,Moderate
FMC,0.028125552788396554,0.5161775742052025,0.9888542912688296,0.0004118051091219976,11.83,8.51,4.74,22.213170267611854,0.945,2,4.296296296296297,Materials,Risky
FOXA,0.01656887544727622,0.2110646943477374,1.0209375869567756,0.0001291406267454842,0.3,6.72,4.92,23.943564643815325,0.679,3,6.428421052631579,Communication Services,Safe
FRT,0.014677782856742674,0.18820887937111092,1.0033912251730042,7.009860850713488e-05,3.06,5.68,3.7,22.931734032241767,1.293,0,4.796333333333333,Real Estate,Safe
FSLR,0.03914017675856541,0.5258687170509034,1.0007646749350327,0.000182429655936799,6.04,6.08,5.19,23.338054080344556,1.517,2,4.803181818181818,Information Technology,Risky
FTNT,0.02285013797709528,0.37420707955265137,1.020492261007817,6.429441501737582e-05,3.69,8.7,3.57,25.129088295105735,0.968,2,4.803181818181818,Information Technology,Safe
FTV,0.015091334146987443,0.21082309818324635,1.0041729267116541,7.82941802726435e-05,14.31,10.66,2.93,24.01475653726258,1.212,1,4.938666666666666,Industrials,Safe
GD,0.013106796483754098,0.18309507255537188,1.0005907208695728,1.8064687416671368e-05,9.34,18.86,5.88,24.952723388424026,0.586,3,4.938666666666666,Industrials,Safe
GDDY,0.018217781252350764,0.2679675307671722,1.0230484285853758,5.655247925714897e-05,4.4,9.26,5.33,23.95696806819626,1.255,2,4.803181818181818,Information Technology,Safe
GE,0.02025329299684136,0.30178332463038315,1.0251937124314658,2.758228563413065e-05,13.44,12.73,6.32,26.102065814400984,1.196,2,4.938666666666666,Industrials,Safe
GEHC,0.019320605224043833,0.2863784947213058,1.0061093911401136,7.67458516671195e-05,2.74,14.21,4.51,24.40041193004249,1.315,2,5.7454237288135594,Health Care,Safe
GEN,0.01848208037463971,0.28725303929751095,1.0075588813850462,0.00023165461760493565,2.97,7.85,3.8,23.558510028552696,0.919,2,4.803181818181818,Information Technology,Safe
GILD,0.01748038832547759,0.2510846793047709,1.0083751196275967,4.924992104575946e-05,0.63,14.35,6.71,25.69692589492469,0.236,2,5.7454237288135594,Health Care,Safe
GIS,0.016359513688739103,0.19634550116339364,0.9985096887015573,0.00011862420923455513,9.39,13.42,3.19,24.255927229834594,0.055,2,4.580285714285714,Consumer Staples,Safe
GL,0.020896409728887837,0.6113482754979913,1.001352315300151,0.00012268135443290008,1.25,9.87,9.31,23.101150004200342,0.77,2,8.912463768115943,Financials,Risky
GLW,0.016478360859143316,0.2829637101789228,1.0200270983540374,0.00013301302526168296,8.38,4.47,4.64,24.44483543410096,1.019,2,4.803181818181818,Information Technology,Safe
GM,0.022196823855376448,0.3266025245044875,1.0110839303683565,0.0002977296420496626,8.2,14.07,4.75,24.576455501038122,1.434,4,4.690799999999999,Consumer Discretionary,Risky
GNRC,0.02868374962749937,0.3526898576734392,1.0069047800129125,0.00011702526249999433,7.22,9.34,5.37,22.777681893167973,1.499,2,4.938666666666666,Industrials,Safe
GOOGL,0.018290978821566425,0.28668465970976964,1.0105197344170174,1.351567865322445e-05,2.94,11.74,10.21,28.347059287132726,1.025,4,6.428421052631579,Communication Services,Risky
GPC,0.017156713848559935,0.30379461478578873,0.9961951086395385,6.63834164602586e-05,4.59,5.33,2.9,23.568696431946552,0.944,1,4.690799999999999,Consumer Discretionary,Safe
GPN,0.01957625067021745,0.2832832340342499,0.9940262299085723,8.503523620259251e-05,4.22,10.55,4.86,23.96260401940168,1.047,1,8.912463768115943,Financials,Risky
GRMN,0.014800501798627144,0.3464191606678617,1.0208921555085106,1.9639271035715165e-05,4.95,11.65,4.39,24.4966158429088,0.974,1,4.690799999999999,Consumer Discretionary,Safe
GS,0.017742595683031916,0.2600528689141036,1.0194599014673886,1.1865359927721603e-05,0.75,13.47,11.01,25.96429831107348,1.362,2,8.912463768115943,Financials,Moderate
GWW,0.015302669257725757,0.2144167529078673,1.008361452916401,5.04116372003318e-06,3.53,6.54,4.91,24.598471108113518,1.175,2,4.938666666666666,Industrials,Safe
HAL,0.022682144228196848,0.2778568587570805,0.9906324958142778,0.000392415227139623,10.21,6.79,6.84,23.801084011938922,1.861,2,5.838636363636363,Energy,Risky
HAS,0.0208056087733188,0.3029932533426268,1.009536898592479,0.00018250649679856236,1.2,3.38,2.7,22.907824959290256,0.492,2,4.690799999999999,Consumer Discretionary,Safe
HBAN,0.019354871787890707,0.2665010050644889,1.0113672661761683,0.0006977051750324066,1.45,7.68,7.25,23.88181296808964,1.098,2,8.912463768115943,Financials,Risky
HCA,0.019407348299902136,0.26354344597323537,1.0055400430002903,1.6553212273947517e-05,4.5,18.45,4.81,25.071010219638307,1.689,3,5.7454237288135594,Health Care,Risky
HD,0.016056292195593357,0.2070741249614343,1.0063595373010874,8.661974249103823e-06,3.43,6.53,2.65,26.68195922772643,1.09,2,4.690799999999999,Consumer Discretionary,Safe
HES,0.017593182263624045,0.22458433921507354,1.0013259260299339,4.5801921906964245e-05,19.37,6.09,6.5,24.516995991046745,1.219,2,5.838636363636363,Energy,Risky
HIG,0.014110108847978383,0.20209401926397902,1.0116619838332557,4.732624084339231e-05,1.35,9.25,6.18,24.25492993486867,0.907,1,8.912463768115943,Financials,Moderate
HII,0.017896378961990474,0.3896110500918803,0.9879432706502291,6.183438657787216e-05,11.55,16.71,5.7,22.633845248945697,0.478,1,4.938666666666666,Industrials,Risky
HLT,0.014970518916655216,0.18931843157439726,1.0131656710073713,2.402569551176304e-05,6.81,7.51,3.2,24.872990760098663,1.293,2,4.690799999999999,Consumer Discretionary,Safe
HOLX,0.016184785656522295,0.19777186202122227,0.9969000210667238,0.0001235411483173434,4.26,12.27,5.32,23.382230447275045,0.975,2,5.7454237288135594,Health Care,Safe
HON,0.014396363090789973,0.18707336240824993,1.0024476076620958,2.4010788452171694e-05,10.26,9.71,7.16,25.653132048518895,1.069,3,4.938666666666666,Industrials,Safe
HPQ,0.01925800837037484,0.31591921006149604,1.0052464422165936,0.00026910853659512424,0.23,5.88,4.48,24.066791655188712,1.113,2,4.803181818181818,Information Technology,Safe
HRL,0.015972387294280948,0.2585081351036797,0.9985226662935437,0.00016342526066447782,11.11,10.12,4.88,23.508982726515125,0.21,3,4.580285714285714,Consumer Staples,Safe
HSIC,0.01988563880555287,0.2624526573079469,1.001627469372392,0.00016793587535263667,2.77,5.95,5.78,22.897218752310806,0.902,3,5.7454237288135594,Health Care,Safe
HST,0.02037846044185592,0.22628399807293653,0.9955797952657003,0.0006139345914327766,3.2,4.7,4.95,23.15996828854088,1.328,1,4.796333333333333,Real Estate,Risky
HSY,0.018989400334892714,0.2541170356286991,0.9945384957015714,5.1289905360419816e-05,10.19,10.7,4.09,24.3103994966687,0.314,3,4.580285714285714,Consumer Staples,Safe
HUBB,0.020905049694024104,0.3027538582441083,1.007820706347154,2.4207348647023887e-05,8.7,6.07,3.17,23.67029887856901,0.938,0,4.938666666666666,Industrials,Safe
HUM,0.024706584658717022,0.40636400955292856,0.9832047480252364,5.825141514439395e-05,0.04,14.67,4.19,24.17495019764291,0.578,2,5.7454237288135594,Health Care,Risky
IBM,0.015356464172058493,0.25675672700070884,1.0170584877455697,1.83120792376774e-05,1.58,6.68,5.01,26.178924502169625,0.734,2,4.803181818181818,Information Technology,Safe
ICE,0.012499058791409483,0.16691222349096824,1.009902247101618,2.6829183246715433e-05,1.89,9.07,7.27,25.32357075389393,1.092,1,8.912463768115943,Financials,Moderate
IDXX,0.021603171830747357,0.2872049840000562,0.9938336183627398,1.518373726674948e-05,2.48,7.69,6.15,24.294279704824884,1.392,1,5.7454237288135594,Health Care,Safe
IEX,0.015147901208957875,0.22366399097564904,0.999258104497661,3.445794893375081e-05,13.79,11.75,5.11,23.382654899864978,0.982,1,4.938666666666666,Industrials,Safe
IFF,0.017771100731586453,0.2519386760590101,1.0026194922788725,7.883895631009568e-05,12.34,5.93,4.9,23.75303113859435,1.228,3,4.296296296296297,Materials,Safe
INCY,0.022394288525892918,0.3014578514118518,1.0042847180577086,0.0001635357358295242,3.15,15.97,4.47,23.33311476772668,0.76,1,5.7454237288135594,Health Care,Safe
INTC,0.02976826630524345,0.5360885358390556,0.9745285688420757,0.0006740981836545455,7.68,6.86,4.62,25.312958812044847,1.018,2,4.803181818181818,Information Technology,Risky
INTU,0.018890071279384725,0.29792659087390044,0.9991898765949953,8.630333007486143e-06,3.92,8.7,4.2,25.847479785110828,1.27,1,4.803181818181818,Information Technology,Safe
INVH,0.016237792595292247,0.20333973425244783,0.9986855098383405,0.00015633647918121739,6.45,4.97,4.59,23.7705537090907,1.026,2,4.796333333333333,Real Estate,Safe
IP,0.020043615541596456,0.3054677442670264,1.0164894408756868,0.00020327966464826088,13.63,6.53,2.05,24.09400504043604,0.983,3,4.296296296296297,Materials,Safe
IPG,0.018195051097337846,0.22067416279930124,0.995917603110558,0.0004509067634635635,0.03,4.87,3.99,23.01178157763891,1.129,1,6.428421052631579,Communication Services,Risky
IQV,0.021088542630951973,0.29451632327772587,0.9967640519300339,3.7641587117858367e-05,0.91,10.59,4.56,24.20732751235385,1.506,2,5.7454237288135594,Health Care,Safe
IR,0.018407780506738136,0.2643500934840272,1.0056620146794026,7.40135919280409e-05,2.15,6.36,2.1,24.22866272522615,1.478,1,4.938666666666666,Industrials,Safe
IRM,0.019500929539645172,0.2878561656060389,1.0152256929402121,6.344904736128839e-05,5.85,3.45,4.95,24.000349195715607,1.078,1,4.796333333333333,Real Estate,Safe
ISRG,0.01856867089434954,0.2726057969737324,1.0190509286176679,7.312920808915645e-06,2.68,9.81,5.54,26.032607215176704,1.429,1,5.7454237288135594,Health Care,Safe
IT,0.016202058165077533,0.21904124987597992,1.005928953356622,1.0351890550665566e-05,4.75,7.44,4.47,24.35366103305675,1.291,1,4.803181818181818,Information Technology,Safe
ITW,0.013276010183086967,0.15637349851197832,1.0011569279015828,1.3337065782058548e-05,10.31,10.06,5.89,25.06661026613073,1.149,2,4.938666666666666,Industrials,Safe
IVZ,0.022259407007230708,0.30680656339110834,1.0039713676453965,0.0005445999487518135,1.6,10.32,9.69,22.738410048799715,1.404,2,8.912463768115943,Financials,Risky
J,0.015859257008872037,0.2024268997765794,1.0074723004452968,5.254913029767416e-05,7.47,11.45,4.96,23.45357363434289,0.766,2,4.938666666666666,Industrials,Safe
JBHT,0.020678343941550267,0.27294912522268183,0.9954506641758502,5.4546993268103206e-05,2.56,6.92,4.86,23.48221592648553,1.155,1,4.938666666666666,Industrials,Safe
JBL,0.02117106722113136,0.3681808767589115,1.0096611199448282,8.84453940557598e-05,2.8,3.18,3.47,23.498438737382177,1.186,1,4.803181818181818,Information Technology,Safe
JCI,0.016626205645633108,0.27577582293268615,1.0156904040534591,8.639616167079573e-05,7.47,5.07,3.38,24.721486224605325,1.335,3,4.938666666666666,Industrials,Safe
JKHY,0.015383711773480744,0.17296959714696775,1.0015430496651987,3.7663346958892635e-05,4.47,8.73,5.46,23.286351156707106,0.655,0,8.912463768115943,Financials,Moderate
JNJ,0.01315150407280172,0.15881131072112012,1.0000687852280428,1.850783984969476e-05,0.94,13.03,6.13,26.721574410188662,0.463,4,5.7454237288135594,Health Care,Safe
JNPR,0.007712062515116556,0.2406195384303373,1.003211300462527,0.00031236663285739974,2.37,6.84,4.06,23.208575434956536,0.852,2,4.803181818181818,Information Technology,Risky
JPM,0.015409741377838964,0.23102298783213357,1.0172874192132277,1.2446673223548895e-05,2.44,14.03,10.83,27.31455815191894,1.09,3,8.912463768115943,Financials,Moderate
K,0.009114338322183542,0.23261865489547265,1.0150088026912578,9.931703077814624e-05,14.45,12.0,3.99,24.073811595674268,0.326,2,4.580285714285714,Consumer Staples,Safe
KDP,0.014995653061898616,0.18334736280907893,1.0010644621404683,0.00020772417204782768,8.95,10.92,4.42,24.55853474499129,0.627,2,4.580285714285714,Consumer Staples,Safe
KEY,0.022879455704138588,0.3287884960962266,1.0091802650675301,0.0007047693668639557,1.57,11.63,12.02,23.65525592377773,1.25,2,8.912463768115943,Financials,Risky
KEYS,0.018412839073712235,0.3142622853464914,1.0053483254897095,4.384085486539012e-05,4.59,1.4,2.96,24.018530635388327,1.099,0,4.803181818181818,Information Technology,Safe
KHC,0.015197547902304282,0.20595479585018703,0.9930288831503388,0.00022699394245270305,13.0,14.56,3.62,24.345660485486054,0.379,2,4.580285714285714,Consumer Staples,Safe
KIM,0.017178549835576682,0.20923370831992605,1.0041306524860936,0.0002985263099541807,4.54,2.54,4.13,23.430153839824488,1.52,0,4.796333333333333,Real Estate,Safe
KLAC,0.027163249156747855,0.4213904488438924,1.0104289937522268,1.0916766222644146e-05,5.11,4.57,3.39,25.24336661830625,1.291,0,4.803181818181818,Information Technology,Safe
KMB,0.01313413905071797,0.18031304575686496,1.0042734897249408,4.4795887514242756e-05,10.12,9.27,5.06,24.584985454520456,0.382,2,4.580285714285714,Consumer Staples,Safe
KMI,0.015081219709653896,0.21245831612603677,1.0173032329452552,0.00023187936117184132,8.35,9.85,5.07,24.82266412066208,0.935,2,5.838636363636363,Energy,Safe
KMX,0.0239590349381799,0.3194812740288497,1.0063892700807846,0.0001499220974055727,0.25,8.29,2.54,23.25188933360345,1.762,2,4.690799999999999,Consumer Discretionary,Safe
KO,0.011814201757008596,0.14193263712441836,1.0049464331640556,4.629925516849324e-05,9.24,10.56,4.35,26.463213078055553,0.575,3,4.580285714285714,Consumer Staples,Safe
KR,0.015736046175370343,0.22113396562634063,1.0126804842197668,0.0001087365472706035,7.04,10.85,4.91,24.541144740347203,0.502,2,4.580285714285714,Consumer Staples,Safe
L,0.013325625577519595,0.16994651004007688,1.0063064657266003,3.9360944930122825e-05,2.2,12.0,14.36,23.63481456623846,0.795,1,8.912463768115943,Financials,Moderate
LDOS,0.01590534524288007,0.26844928330743656,1.0086028741703117,6.1553659441465e-05,3.37,9.35,4.54,23.553343450027185,0.726,2,4.938666666666666,Industrials,Safe
LEN,0.02225359491211031,0.3133521450598807,0.9957830392080768,7.57318063807604e-05,11.49,8.66,5.87,24.158918610021146,1.71,2,4.690799999999999,Consumer Discretionary,Safe
LH,0.017568068647724845,0.21151069957228755,1.0036983786772447,3.022162583038441e-05,0.43,12.71,6.6,23.78024122378802,1.107,2,5.7454237288135594,Health Care,Safe
LHX,0.015336259687557703,0.19342600999511012,1.0005459516016573,2.4949757117859632e-05,10.22,9.35,4.64,24.389716093917166,0.741,2,4.938666666666666,Industrials,Safe
LII,0.02295314338364962,0.28723692145993845,1.0123499546403378,1.4916517490710849e-05,11.98,4.65,5.75,23.76227654921768,1.141,0,4.938666666666666,Industrials,Safe
LIN,0.012188466764250429,0.14770819235977015,1.0044964161135843,8.86412883853249e-06,8.24,1.31,2.09,26.11052771078768,0.951,2,4.296296296296297,Materials,Safe
LKQ,0.01758106024174085,0.2829943685861683,0.9940881056796941,0.00018528694434128526,4.03,4.13,2.83,23.11060658078342,1.272,1,4.690799999999999,Consumer Discretionary,Safe
LLY,0.02172323874037454,0.3043187986647237,1.0115310265852329,3.932428405772761e-06,2.58,13.08,7.96,27.450753847639536,0.335,3,5.7454237288135594,Health Care,Risky
LMT,0.013026717413825835,0.1963976879740574,1.0004680557341787,1.0874256781595383e-05,7.9,14.07,6.16,25.39028342626998,0.427,3,4.938666666666666,Industrials,Safe
LNT,0.014137965330982568,0.17879560540108044,1.0077608121073842,9.547995318348932e-05,6.79,5.25,5.07,23.553648124222825,0.536,0,4.248064516129032,Utilities,Safe
LOW,0.016325627115035643,0.21954493814048084,1.0064665022685342,1.7672142263304777e-05,3.42,6.1,2.41,25.64943197442347,1.115,2,4.690799999999999,Consumer Discretionary,Safe
LRCX,0.0279105003250255,0.43357109484943296,1.0049775748769965,0.00011829087859829681,4.28,4.18,3.76,25.30081563317049,1.541,1,4.803181818181818,Information Technology,Safe
LULU,0.024125234013671296,0.380797459741704,0.9924675498449386,4.7904837920229174e-05,1.78,7.9,4.42,24.469415929026546,1.21,2,4.690799999999999,Consumer Discretionary,Safe
LUV,0.024759750782566047,0.3516081872074281,1.0028448384246462,0.0004894037157281879,9.45,13.38,5.58,23.621459919696864,1.1,2,4.938666666666666,Industrials,Risky
LVS,0.020784340599066475,0.31371043180568825,0.9960040818678986,0.00017303211929810974,2.2,10.37,8.08,24.20527261620795,1.082,2,4.690799999999999,Consumer Discretionary,Safe
LW,0.022699001115647117,0.4746648264770029,0.9797259236107493,0.0003592987080489166,11.46,8.73,2.56,22.688264390934876,0.749,2,4.580285714285714,Consumer Staples,Risky
LYB,0.015701873988135003,0.187822411326082,0.9944714968891629,8.832007709165886e-05,14.19,2.24,3.41,23.89060303548301,1.071,2,4.296296296296297,Materials,Safe
LYV,0.019028184481534018,0.26458485754692773,1.017909909742699,6.621396027912064e-05,0.34,8.42,8.47,24.2160736308572,1.384,2,6.428421052631579,Communication Services,Safe
MA,0.012681473386185412,0.1621450150192916,1.0100421349790185,4.73889153109669e-06,1.61,7.95,6.57,26.98506091035674,1.102,4,8.912463768115943,Financials,Risky
MAA,0.016678218947524755,0.2012008044544163,1.0075346330025645,3.614067098496336e-05,3.33,3.12,5.23,23.744006202736472,0.898,1,4.796333333333333,Real Estate,Safe
MAR,0.016062345291727384,0.21593933749347013,1.009084113286446,1.9019935399382546e-05,7.14,8.48,3.7,25.0614192134057,1.586,2,4.690799999999999,Consumer Discretionary,Safe
MAS,0.01863355278383068,0.24022937597098085,1.006074383299754,0.00010916244505040308,11.05,6.42,4.8,23.475270652754684,1.249,1,4.938666666666666,Industrials,Safe
MCD,0.014492259356259333,0.1810266243705298,1.001710046669971,1.5748073166034804e-05,8.39,12.53,4.64,26.105018610990932,0.706,3,4.690799999999999,Consumer Discretionary,Safe
MCHP,0.026133713246778125,0.3871345316719619,0.9859971210407927,0.00021835515829542456,14.04,8.07,7.44,24.16261321313822,1.517,1,4.803181818181818,Information Technology,Risky
MCK,0.016498789839098842,0.25349182689565075,1.0082132223012839,1.0040609201973061e-05,1.67,7.23,4.16,25.11495033675161,0.512,2,5.7454237288135594,Health Care,Safe
MCO,0.014994090252248331,0.20389588527141567,1.010552466407901,8.040414713459934e-06,1.66,6.17,6.79,25.22878265644151,1.335,2,8.912463768115943,Financials,Moderate
MDLZ,0.014820326585652518,0.1853231332709604,0.9938839766462974,8.974243539281879e-05,9.3,9.03,3.65,25.166956593639725,0.512,3,4.580285714285714,Consumer Staples,Safe
MDT,0.014523824051924848,0.19347596752076893,1.0032598707642235,5.2833713276861193e-05,1.82,13.39,6.95,25.5185934655045,0.823,3,5.7454237288135594,Health Care,Safe
MET,0.015870704159691412,0.21481712823427987,1.0084015131185602,5.751904360173968e-05,0.5,7.17,7.42,24.790260412716126,1.03,2,8.912463768115943,Financials,Moderate
META,0.022427337088979846,0.35317164142641083,1.023606965105812,8.937278903020448e-06,2.41,21.64,8.68,28.137639903354497,1.231,4,6.428421052631579,Communication Services,Risky
MGM,0.02291475742562751,0.36453518103963933,0.9928432838361566,0.00044297324348776087,0.97,12.67,10.63,22.972179804541632,2.193,2,4.690799999999999,Consumer Discretionary,Risky
MHK,0.02357364244591264,0.38477141884558996,1.005786249098048,9.919092735702703e-05,6.11,3.46,4.16,22.708244423962824,1.445,2,4.690799999999999,Consumer Discretionary,Safe
MKC,0.01709742825907435,0.22421980913757134,1.0060319728178402,8.378609127900237e-05,8.61,13.49,3.94,23.846400010551864,0.711,2,4.580285714285714,Consumer Staples,Safe
MKTX,0.02179899255159869,0.33073576134234445,0.9899611877466135,6.04531954504885e-05,1.84,5.93,6.1,22.713054529245422,1.046,0,8.912463768115943,Financials,Risky
MLM,0.018969929661799338,0.2314199060310475,1.0025631564625335,1.564607660174227e-05,14.07,6.0,3.82,24.078266807785766,0.887,2,4.296296296296297,Materials,Safe
MMC,0.012264531260771913,0.1412878682108979,1.0064088253987056,1.4999356049928454e-05,0.19,11.03,8.76,25.490690917586644,0.943,2,8.912463768115943,Financials,Moderate
MMM,0.01718608260328859,0.3231914117952103,1.0197722928078925,5.455420196538128e-05,19.53,16.82,6.51,25.14561485464751,1.017,5,4.938666666666666,Industrials,Risky
MNST,0.01760437834727222,0.2388477006247573,0.994399431294147,0.0001248698357201588,15.51,12.72,4.66,24.70647733140027,0.711,1,4.580285714285714,Consumer Staples,Safe
MO,0.013015234323209043,0.1782029449039735,1.0121127996542956,9.598625328433438e-05,6.61,15.71,5.56,25.296859942257417,0.606,3,4.580285714285714,Consumer Staples,Safe
MOH,0.022513223453068516,0.40396692231292153,0.9908929903465415,3.444620816131139e-05,0.28,17.47,5.09,23.545098167260587,0.564,1,5.7454237288135594,Health Care,Risky
MOS,0.025467932669732563,0.3339702636643923,0.9926083188091236,0.0006108325670998511,18.98,11.74,6.57,22.723937865565112,1.352,2,4.296296296296297,Materials,Risky
MPC,0.023649763152390577,0.30254560496241006,1.0005726576269502,5.880806617786704e-05,16.12,8.13,2.81,24.542731204438706,1.376,3,5.838636363636363,Energy,Risky
MPWR,0.03425845247746286,0.5453612407551637,1.0052923952142099,2.4101525725473736e-05,4.33,7.04,7.66,24.044181486495965,1.038,0,4.803181818181818,Information Technology,Risky
MRK,0.015493381138092838,0.2265015931208691,0.9913404247681238,4.308112862269226e-05,2.89,11.4,5.67,26.1841313825687,0.363,2,5.7454237288135594,Health Care,Safe
MRNA,0.0429740657064136,0.6416111735489216,0.9611205435827176,0.000526173401495175,2.77,12.18,4.21,23.181028257070693,1.862,2,5.7454237288135594,Health Care,Risky
MS,0.01643046327765237,0.26414849652275657,1.0163621665438536,3.319612642775842e-05,1.28,11.83,11.71,26.062096350330968,1.345,2,8.912463768115943,Financials,Moderate
MSCI,0.01708369555020935,0.2682556811458144,1.0026073097596362,1.1667001627418081e-05,2.33,5.46,6.6,24.545766522871084,1.186,1,8.912463768115943,Financials,Moderate
MSFT,0.01495901026400387,0.2084775702071333,1.0032936997566269,7.238247030137059e-06,1.65,7.61,4.25,28.691595724717157,0.914,3,4.803181818181818,Information Technology,Risky
MSI,0.012939093137931033,0.18765020315712455,1.0136184414823017,1.0066530366719582e-05,5.57,7.45,4.85,24.990730355243837,1.043,2,4.803181818181818,Information Technology,Safe
MTB,0.019384367823667925,0.266648544550053,1.0144226157226113,3.4691612922359436e-05,2.01,11.55,11.7,24.158146577625295,0.728,1,8.912463768115943,Financials,Moderate
MTCH,0.025461662261910566,0.37826744647833044,0.9975269333358147,0.0006803680485974593,1.3,9.0,6.6,22.74619675881949,1.435,2,6.428421052631579,Communication Services,Risky
MTD,0.02115904956035171,0.31714527216168364,1.004298054820797,5.082135410264912e-06,0.95,6.71,3.07,24.001749596400867,1.152,0,5.7454237288135594,Health Care,Safe
MU,0.03248674223188991,0.5354820147373149,1.005418102372618,0.0002183332210874888,8.88,5.03,4.69,25.337167789867863,1.228,2,4.803181818181818,Information Technology,Risky
NCLH,0.032201360806563856,0.4880381435468508,1.015186048907064,0.0012509278279722361,7.03,8.21,4.8,22.990927451689434,2.633,2,4.690799999999999,Consumer Discretionary,Risky
NDAQ,0.014704011242405968,0.18516713977584168,1.0134634401192915,5.976904065730254e-05,0.07,7.08,6.48,24.576486083818192,0.971,1,8.912463768115943,Financials,Moderate
NDSN,0.01622679980735714,0.2268947468373414,0.9952024397053176,2.2441531056348487e-05,8.32,11.46,4.37,23.190213269159017,0.923,0,4.938666666666666,Industrials,Safe
NEE,0.01897440201639627,0.25990988786089314,1.006066702843341,7.353482114897808e-05,11.32,8.87,4.85,25.715906867677177,0.574,2,4.248064516129032,Utilities,Safe
NEM,0.021959866308890234,0.3643825837574146,1.0070831010742411,0.00021784795072221955,8.29,9.09,4.01,24.588905427807408,0.556,3,4.296296296296297,Materials,Risky
NFLX,0.02180518921233005,0.3022768456476646,1.0261180199031847,8.784798912262767e-06,0.16,7.38,8.07,26.755169105137167,1.377,2,6.428421052631579,Communication Services,Risky
NI,0.014001443240402627,0.163673786088647,1.0147808129509668,0.00020653528644160705,9.36,8.07,3.15,23.687281733779603,0.499,2,4.248064516129032,Utilities,Safe
NKE,0.01846393752200121,0.32350230625568543,0.989438229608385,0.0001026299612422429,3.04,9.98,5.42,25.47667497718992,1.021,3,4.690799999999999,Consumer Discretionary,Safe
NOC,0.015059616382989959,0.19445534096797143,1.0002560720473979,1.2671015837211416e-05,7.25,15.11,4.25,24.950521960285084,0.302,2,4.938666666666666,Industrials,Safe
NOW,0.020769632821067627,0.3460463410311042,1.0125738982863022,7.044164383830117e-06,4.24,8.46,3.63,25.959532252459258,1.034,0,4.803181818181818,Information Technology,Safe
NRG,0.02880872516571424,0.4015779690574527,1.026557235961109,0.0001595454102200947,18.93,10.21,5.12,23.71449055878608,1.123,1,4.248064516129032,Utilities,Risky
NSC,0.01818944035852368,0.26935046843540444,1.0040833707608623,2.2386099091589018e-05,8.12,10.5,4.42,24.73979352184705,1.348,3,4.938666666666666,Industrials,Safe
NTAP,0.018663508949760592,0.3455244497769568,1.0128629766724062,9.396943979877145e-05,2.34,7.85,4.15,23.692275819717366,1.227,1,4.803181818181818,Information Technology,Safe
NTRS,0.017500019015859767,0.22968689138663162,1.0118251371408757,6.013786897866855e-05,1.57,11.29,12.06,23.78709413625475,1.093,1,8.912463768115943,Financials,Moderate
NUE,0.02266662575691031,0.3321283055174114,0.9919693844497295,5.766391671298002e-05,9.28,14.88,7.77,24.15427970263113,1.596,2,4.296296296296297,Materials,Safe
NVDA,0.03514745136368523,0.5530459847816366,1.03269175393101,0.00013063663687647034,2.73,3.86,5.65,28.654572157708458,1.765,2,4.803181818181818,Information Technology,Risky
NVR,0.019816506355782075,0.23935601298642828,1.0024589557122474,1.001046559695131e-06,9.63,6.7,4.68,23.756478676677702,1.254,1,4.690799999999999,Consumer Discretionary,Safe
NWSA,0.016375087690544368,0.20483839393077147,1.006634413914786,0.00015797106089161984,0.04,4.83,5.1,23.54659025820571,1.355,2,6.428421052631579,Communication Services,Safe
NXPI,0.02581559854092825,0.3557636166978014,1.001766017571637,4.346816398681434e-05,8.62,4.29,3.78,24.729076730717328,1.476,2,4.803181818181818,Information Technology,Safe
O,0.014348843934983337,0.17557648306038187,1.000344314436723,0.00010768149866158933,4.64,5.19,5.7,24.66108807866514,1.012,0,4.796333333333333,Real Estate,Safe
ODFL,0.023470023338539404,0.33748597668840763,1.0004911495626596,4.239089562767199e-05,4.7,7.82,3.42,24.323785356038584,1.106,2,4.938666666666666,Industrials,Safe
OKE,0.01644869840007653,0.21761670958361679,1.0139193095612535,4.9384984113575645e-05,9.56,12.28,4.53,24.824439329671478,1.67,1,5.838636363636363,Energy,Safe
OMC,0.016729867647391823,0.230141149078613,0.9996929608710604,0.00011222152916634575,0.21,8.7,5.66,23.48698971839858,1.002,1,6.428421052631579,Communication Services,Safe
ON,0.032500016184210445,0.4687826701764598,0.9865250590025925,0.0003741761096821635,11.66,5.55,4.06,23.663803347535506,1.588,1,4.803181818181818,Information Technology,Risky
ORCL,0.018739794802045566,0.3615112169006959,1.018220421593135,1.941003257341242e-05,1.58,6.75,6.57,26.839517721110298,1.066,2,4.803181818181818,Information Technology,Safe
ORLY,0.015492445281327332,0.19140128162203277,1.0112179326743613,4.63318672226228e-06,0.29,8.45,3.03,25.09217342239422,0.912,1,4.690799999999999,Consumer Discretionary,Safe
OTIS,0.014150380092160282,0.17954369402181272,1.004266372962715,5.209700778500892e-05,4.38,10.84,3.54,24.41067825711708,0.95,1,4.938666666666666,Industrials,Safe
OXY,0.017974865899185254,0.22742475646319946,0.9942600632505529,0.0002244265964672237,22.33,9.06,6.44,24.498170949345134,1.539,2,5.838636363636363,Energy,Risky
PANW,0.025366777282951832,0.4213902583389722,1.0083156686029489,5.9802777425747673e-05,0.05,7.99,4.89,25.524126154142223,1.044,2,4.803181818181818,Information Technology,Safe
PARA,0.028620982797152042,0.48534501486960285,0.9922561687299779,0.0017006513491980067,0.18,7.67,5.79,22.808098134482222,1.624,2,6.428421052631579,Communication Services,Risky
PAYC,0.02386600424655636,0.37035213601838674,1.0025761600304903,6.116647777251707e-05,5.86,8.52,4.49,23.235199278455006,1.141,1,4.938666666666666,Industrials,Safe
PAYX,0.015247156658200516,0.18254429667593813,1.009008734121976,3.263433130518519e-05,3.21,7.24,6.21,24.73464286798381,0.981,1,4.938666666666666,Industrials,Safe
PCAR,0.017095544320133597,0.2538399969174039,1.005581985312148,4.615811182013999e-05,11.87,12.0,7.5,24.73268428913408,0.917,3,4.938666666666666,Industrials,Safe
PCG,0.016326514730379924,0.23800705067852684,0.996256758165658,0.0004445103071895217,9.88,17.71,2.92,24.307909689144186,1.045,4,4.248064516129032,Utilities,Risky
PEG,0.01578371546792909,0.19961468044821856,1.0127514884097513,6.604457600097724e-05,10.82,10.32,4.2,24.431024637386347,0.617,2,4.248064516129032,Utilities,Safe
PEP,0.013275848383463521,0.177476355718706,0.9963242364476247,2.708818382775529e-05,7.18,8.98,3.83,26.08896143882907,0.53,3,4.580285714285714,Consumer Staples,Safe
PFE,0.01769194244725005,0.2266840764504672,0.9989163940007596,0.00026077436977911224,2.74,9.18,7.44,25.72565388246131,0.543,3,5.7454237288135594,Health Care,Safe
PFG,0.015084228939944386,0.20795888345185626,1.0034813020435875,5.979295863137803e-05,0.46,5.14,5.57,23.718728762279426,1.169,1,8.912463768115943,Financials,Moderate
PG,0.011615371378500553,0.1605336296096956,1.0051760284011044,1.646817485754504e-05,8.46,10.81,5.66,26.74363848920403,0.4,2,4.580285714285714,Consumer Staples,Safe
PGR,0.017138890680879204,0.20647800336391775,1.0163647810395091,1.4921262671196693e-05,1.47,9.2,9.17,25.84194205121058,0.351,2,8.912463768115943,Financials,Moderate
PH,0.01632753453702738,0.25834201395401296,1.0146759504193166,7.624083577615354e-06,8.67,12.87,5.29,25.151333149712322,1.495,2,4.938666666666666,Industrials,Safe
PHM,0.023377069867716784,0.31229488740790373,1.0020874970406088,9.162621500594815e-05,10.54,5.94,4.65,23.75130989190238,1.725,2,4.690799999999999,Consumer Discretionary,Safe
PKG,0.01464147935066756,0.20368639355419885,1.009913245294316,3.4797274730726686e-05,12.8,1.39,3.45,23.65740301477959,0.792,1,4.296296296296297,Materials,Safe
PLD,0.01932256406138281,0.2478037902431129,0.9982594585809886,3.2649841551777e-05,3.12,3.88,3.92,25.46387559383706,1.112,1,4.796333333333333,Real Estate,Safe
PLTR,0.04160829010664119,0.6877062539854285,1.0659357499687125,0.0003385347616500817,5.19,10.21,6.94,25.999593185607942,2.806,1,4.803181818181818,Information Technology,Risky
PM,0.013842008451557902,0.2223810247148678,1.0166499995616083,2.1953712691972537e-05,5.63,13.63,7.3,26.23223303227931,0.561,3,4.580285714285714,Consumer Staples,Safe
PNC,0.018352700899269506,0.23576603710466193,1.0104888312106461,2.5372735798198714e-05,1.9,13.1,8.71,25.040629595030904,1.127,3,8.912463768115943,Financials,Moderate
PNR,0.017760516847440178,0.24302689901176253,1.0124301616698186,9.816645226146623e-05,6.12,10.73,5.15,23.43930472818831,1.222,1,4.938666666666666,Industrials,Safe
PNW,0.01567784426297685,0.18251272195248844,1.0092185020942763,0.00010120290421196661,13.21,7.96,4.8,23.140673447584852,0.533,1,4.248064516129032,Utilities,Safe
PODD,0.02820784304086836,0.3573905768330493,1.0119141616589686,3.851310314468544e-05,3.73,11.36,6.27,23.67538288525963,1.287,1,5.7454237288135594,Health Care,Safe
POOL,0.02099222839409736,0.29191410269183393,0.9966877467814462,2.7341492484638578e-05,3.21,4.75,2.97,23.28449023960068,1.053,0,4.690799999999999,Consumer Discretionary,Safe
PPG,0.01520001166655219,0.19453178054214265,0.9929717897249628,6.665979026896264e-05,9.79,8.12,4.38,23.95625365222435,1.212,2,4.296296296296297,Materials,Safe
PPL,0.014017220908296133,0.16382588620469793,1.0093047225665097,0.0001810522214095374,14.89,7.64,4.38,23.994162612074405,0.784,2,4.248064516129032,Utilities,Safe
PRU,0.015321770555003295,0.2259078850147442,1.0050913810099298,3.78610519348037e-05,0.5,8.62,9.51,24.41643411611295,1.259,1,8.912463768115943,Financials,Moderate
PSA,0.017657087528564458,0.2261856931113378,1.0018113753279254,1.3091138788926534e-05,5.21,2.42,5.45,24.722592412636576,0.73,1,4.796333333333333,Real Estate,Safe
PSX,0.021044742468429658,0.26077750850014914,0.9990469145262504,5.543007138101624e-05,20.56,8.04,4.38,24.654270979454797,1.292,3,5.838636363636363,Energy,Risky
PTC,0.016889940097945987,0.22579073465262645,1.0008487455775315,4.364798410106527e-05,4.89,8.38,5.21,23.68436630389141,1.22,1,4.803181818181818,Information Technology,Safe
PWR,0.02336262943684977,0.3701400616064615,1.013707273690796,2.7242349602748712e-05,12.26,16.52,7.82,24.339154091787435,1.101,2,4.938666666666666,Industrials,Risky
PYPL,0.022445517074531136,0.3557834335542919,1.0096844494126562,0.00018426473997438562,2.75,9.27,4.26,24.95736693215223,1.527,2,8.912463768115943,Financials,Risky
QCOM,0.023982380602426138,0.37168030480637043,1.007670950707804,5.173051836994507e-05,6.1,4.14,3.39,25.85849940861379,1.289,2,4.803181818181818,Information Technology,Safe
RCL,0.023898233276275934,0.3513557255031671,1.0266933444236193,3.603831843828467e-05,7.97,6.84,3.64,24.89599609218199,2.544,2,4.690799999999999,Consumer Discretionary,Risky
REG,0.014986821871744783,0.17745285969613775,1.005929509228204,7.662331955461353e-05,3.98,3.38,3.96,23.37542238573111,1.23,0,4.796333333333333,Real Estate,Safe
REGN,0.01908510897181508,0.23180495293491096,0.9900411528780093,8.222092747480156e-06,1.6,10.93,5.86,25.039064706286126,0.268,1,5.7454237288135594,Health Care,Safe
RF,0.020088389156731154,0.260155763926081,1.010522832586873,0.0003780550724546508,1.47,5.96,6.87,23.765521863776037,1.208,2,8.912463768115943,Financials,Moderate
RJF,0.016611587496590894,0.241163551237188,1.014131137790936,3.7874102329704243e-05,2.24,11.82,12.62,24.151379819554496,1.053,2,8.912463768115943,Financials,Moderate
RL,0.02217214631147543,0.3313296678920139,1.0234610780567694,5.1218128605824656e-05,1.08,7.68,5.15,23.508552036010286,1.522,3,4.690799999999999,Consumer Discretionary,Safe
RMD,0.02107925808331055,0.366737433703597,1.0118339874452627,2.9380210341949492e-05,3.88,12.79,7.99,24.256505580005303,0.737,2,5.7454237288135594,Health Care,Safe
ROK,0.020688044912475192,0.33590548346259275,0.9991188345445353,2.818113160540691e-05,9.56,6.33,4.47,24.173428950888827,1.382,2,4.938666666666666,Industrials,Safe
ROL,0.01581434534624417,0.20768289432842277,1.0059010135904987,6.616422355496008e-05,1.99,11.34,5.27,23.968540747190747,0.777,1,4.938666666666666,Industrials,Safe
ROP,0.013526046687545559,0.18442025314634167,1.0026781685708162,8.331400708567824e-06,4.64,9.68,5.1,24.86492658361098,1.056,1,4.803181818181818,Information Technology,Safe
ROST,0.01520322029481155,0.20821321058080147,1.0019437560318916,5.1917371909462805e-05,2.07,10.02,4.94,24.53298108738652,1.156,1,4.690799999999999,Consumer Discretionary,Safe
RSG,0.011801415119991674,0.1485391253390501,1.0112031948183358,1.4677313093150705e-05,8.69,6.18,2.16,25.038481045349748,0.738,3,4.938666666666666,Industrials,Safe
RTX,0.01425643449445533,0.18619628129185276,1.0146543775560164,3.474690036785284e-05,7.69,15.31,6.84,25.906609966659172,0.491,3,4.938666666666666,Industrials,Safe
RVTY,0.02198322714408962,0.28073127692044064,1.0028518746011015,6.392640107728312e-05,1.34,9.87,4.38,23.308578953003707,1.066,1,5.7454237288135594,Health Care,Safe
SBAC,0.02011495900321335,0.26486170372542156,0.9949704341261272,3.783737821251282e-05,3.35,2.48,3.9,23.89453832592779,0.739,0,4.796333333333333,Real Estate,Safe
SBUX,0.017965904937386167,0.36048495002349873,1.00731008309478,8.14430053873813e-05,7.45,11.71,3.18,25.599210972077195,0.985,3,4.690799999999999,Consumer Discretionary,Safe
SCHW,0.018312836596736732,0.2567777141788397,1.008279799018948,6.0334021414137996e-05,2.45,8.81,12.05,25.676808597392572,0.978,2,8.912463768115943,Financials,Moderate
SHW,0.01580431588479207,0.2133340916486841,1.0066148373325459,1.837764829548746e-05,14.87,10.17,4.34,25.21939187700028,1.231,2,4.296296296296297,Materials,Safe
SJM,0.018833520778135094,0.2342069647001926,0.994072448762113,9.881759545125315e-05,11.72,12.33,3.14,23.202177979607377,0.27,2,4.580285714285714,Consumer Staples,Safe
SLB,0.020478587311010665,0.2712869601669874,0.9942229056051508,0.00021516572297230132,6.26,7.66,4.55,24.71501686316706,1.48,1,5.838636363636363,Energy,Safe
SNA,0.014230357530831673,0.23311291213359514,1.0077825255859063,1.8735476849277203e-05,12.39,11.85,6.63,23.585667767435492,0.981,2,4.938666666666666,Industrials,Safe
SNPS,0.023513693994962902,0.3684338959176536,1.0008959771746508,1.5827843747337907e-05,3.46,6.98,3.59,24.950637549498836,1.155,1,4.803181818181818,Information Technology,Safe
SO,0.014296870246379517,0.17626858069684068,1.0081647465799954,4.501127364738784e-05,11.27,10.0,6.87,25.324872448308074,0.446,2,4.248064516129032,Utilities,Safe
SPG,0.017492723053360536,0.207932195421542,1.0104046902101134,2.0278037251084583e-05,3.53,3.96,5.0,24.983127600142268,1.802,1,4.796333333333333,Real Estate,Safe
SPGI,0.013300278187057143,0.16633229654382173,1.0072134238892005,7.521856747506058e-06,0.0,6.22,5.23,25.816537395621076,1.2,1,8.912463768115943,Financials,Moderate
SRE,0.015482310109132114,0.27013502222971614,1.004641456951032,7.082908515273272e-05,11.32,7.88,4.02,24.56357995857024,0.776,2,4.248064516129032,Utilities,Safe
STE,0.017446769885834976,0.20637081833428936,1.0007747117117498,2.2783813064581464e-05,4.85,12.09,6.22,23.808949375161447,0.92,2,5.7454237288135594,Health Care,Safe
STLD,0.02413247186619513,0.3197071267507655,1.0053348329832252,6.915107801718289e-05,9.21,14.63,7.57,23.69861185006253,1.353,1,4.296296296296297,Materials,Safe
STT,0.01637682116918542,0.21241192534666256,1.0104351307623447,7.787329946922611e-05,1.93,10.93,9.19,24.054602935636165,1.467,1,8.912463768115943,Financials,Moderate
STX,0.024000014800000004,0.30794444789067404,1.0077194472374167,0.0001207253721012913,0.84,6.54,4.17,23.794705388272128,1.036,2,4.803181818181818,Information Technology,Safe
STZ,0.016254554189926978,0.26032468521681695,0.9876839174429256,4.6554204045282706e-05,10.49,11.89,4.0,24.180298375138864,0.892,2,4.580285714285714,Consumer Staples,Safe
SWK,0.021382028176400506,0.307251252074275,0.9981182925774269,0.00011618043360629253,6.75,13.61,5.81,23.286916589200462,1.254,2,4.938666666666666,Industrials,Safe
SWKS,0.023321311842859127,0.41474220558388847,0.9884203506308317,0.00023917226511562225,9.94,7.92,6.25,23.07811817813598,1.178,1,4.803181818181818,Information Technology,Risky
SYF,0.021649791285306797,0.34502361646645774,1.020544256090436,0.00017204129793124746,0.16,10.79,5.52,23.83923481189989,1.67,2,8.912463768115943,Financials,Risky
SYK,0.015430076293846346,0.18825025743523796,1.0091658539673047,8.491485609900067e-06,3.68,11.77,5.63,25.738410946527132,0.955,2,5.7454237288135594,Health Care,Safe
SYY,0.014774307172146171,0.1977227509952386,0.9993420122898237,8.667285444026518e-05,6.09,6.13,3.11,24.33498943750451,1.115,2,4.580285714285714,Consumer Staples,Safe
T,0.015616635682723106,0.20333864851166622,1.0162919663319359,0.00018114021046514622,4.04,11.5,6.53,26.016465128469306,0.705,3,6.428421052631579,Communication Services,Safe
TAP,0.0177724669015176,0.25358567965765116,0.9978768624152753,0.0001549271724156102,10.98,11.3,5.69,23.242173281921403,0.825,2,4.580285714285714,Consumer Staples,Safe
TDG,0.01829728575397758,0.2361052168153272,1.0116604087993486,3.065062198745585e-06,13.96,17.4,6.73,25.06553614908291,1.379,2,4.938666666666666,Industrials,Safe
TDY,0.014648137369893625,0.2255824609228947,1.005185038907988,1.0080095609785207e-05,10.8,16.92,6.56,23.90233495975216,1.03,1,4.803181818181818,Information Technology,Safe
TECH,0.027939414058706064,0.36320103274981536,0.9988010152708191,0.00010831579340296695,1.53,17.98,6.45,22.99264614412223,1.295,1,5.7454237288135594,Health Care,Risky
TEL,0.015523533193104237,0.21281426086440863,1.004459419903399,3.9369438042644775e-05,4.8,5.52,2.97,24.52841520103035,1.314,2,4.803181818181818,Information Technology,Safe
TER,0.02723199258365284,0.4396349391542778,1.0040323080636258,0.00012661985449664514,6.73,5.49,3.85,23.56273234217464,1.458,1,4.803181818181818,Information Technology,Safe
TFC,0.018734029400672304,0.26217630476214926,1.0103881973216047,0.0001357260049940363,1.65,11.43,10.57,24.805909743380155,1.059,2,8.912463768115943,Financials,Moderate
TFX,0.02012456433760905,0.34792163352004607,0.9879837245352299,6.9477115714349e-05,3.98,13.41,6.38,22.559988678300087,1.208,2,5.7454237288135594,Health Care,Safe
TGT,0.019775509702822366,0.3591574667926654,0.9988306651000338,8.433327623450172e-05,1.92,13.14,3.53,24.736647659524493,1.182,3,4.580285714285714,Consumer Staples,Safe
TJX,0.013339687385832138,0.16718996298556466,1.010584897198154,3.7130027575489145e-05,2.35,8.95,4.51,25.6568688873789,0.962,2,4.690799999999999,Consumer Discretionary,Safe
TMO,0.016909485621756697,0.2118087431014837,1.0010128822786837,8.148973922847172e-06,1.49,4.89,6.04,26.009252491786444,0.789,3,5.7454237288135594,Health Care,Safe
TMUS,0.014228798552924804,0.19406386779117055,1.016130767493135,1.3721176296246385e-05,3.87,13.08,6.02,26.46466838544485,0.636,3,6.428421052631579,Communication Services,Safe
TPL,0.02571034024433693,0.4635324895469251,1.0358426933038667,4.062348892368724e-06,0.3,1.85,11.97,24.214338702777436,1.718,0,5.838636363636363,Energy,Risky
TPR,0.023996070909246905,0.3570494190358721,1.0291149150936199,0.00021599788274751186,1.21,7.83,4.09,23.58018947236383,1.599,2,4.690799999999999,Consumer Discretionary,Safe
TRGP,0.019360685800143173,0.25216084777646247,1.0321874631925516,3.881773367661877e-05,13.96,15.07,2.79,24.47697698524194,2.317,2,5.838636363636363,Energy,Risky
TRMB,0.018691578268538258,0.28478282251067405,1.0134059998032512,7.87792674224014e-05,2.91,3.24,3.4,23.563909570277872,1.571,0,4.803181818181818,Information Technology,Safe
TROW,0.01673788830254538,0.22863097054766948,1.002378768209151,5.6718514722092254e-05,1.37,7.91,8.15,23.86427612546599,1.482,1,8.912463768115943,Financials,Moderate
TRV,0.015105914163919404,0.23657896191951772,1.0084130423259319,2.215854484362471e-05,0.78,10.4,9.23,24.803164447188387,0.621,1,8.912463768115943,Financials,Moderate
TSCO,0.01977980210174456,0.2544495464459089,1.0094395813133232,0.00018040976774860886,3.14,7.08,3.68,24.09681746603706,0.842,2,4.690799999999999,Consumer Discretionary,Safe
TSLA,0.03948916482081679,0.6305296674492913,1.0168406574697235,0.00010130397106961751,3.2,14.13,7.4,27.542825765592827,2.507,3,4.690799999999999,Consumer Discretionary,Risky
TSN,0.016005650424959248,0.21268635188200075,1.0034025730003062,0.00011122408571880565,16.12,12.72,7.98,23.815374775997547,0.71,4,4.580285714285714,Consumer Staples,Safe
TT,0.018517631158625748,0.2422504123303715,1.0143871113880194,1.5177435067307383e-05,4.64,5.79,4.37,25.07558701876695,1.298,2,4.938666666666666,Industrials,Safe
TTWO,0.018398039693761036,0.26930665680134735,1.0083882423414845,4.388891617322915e-05,0.34,10.42,5.11,24.326587207518944,0.82,2,6.428421052631579,Communication Services,Safe
TXN,0.01985298380762483,0.2874930921836152,1.0052582652453186,3.204783887324994e-05,10.13,6.03,5.72,25.899189555286032,0.965,2,4.803181818181818,Information Technology,Safe
TXT,0.015106904268336338,0.23307624230423615,0.9977363948378017,8.293067858868326e-05,11.65,16.51,4.97,23.326995914994672,1.268,2,4.938666666666666,Industrials,Safe
TYL,0.017165292246782107,0.23803086237381646,1.0141511659167934,9.04720003829808e-06,4.22,9.11,4.95,23.98455494961986,0.8,2,4.803181818181818,Information Technology,Safe
UAL,0.029640136198433926,0.44438310145590304,1.0335386819657753,0.00026191334342487416,8.53,15.78,2.73,24.124705092321427,1.414,2,4.938666666666666,Industrials,Risky
UBER,0.026017343032661455,0.4086060326250599,1.0074841610137364,0.0001306871022490243,3.79,11.54,5.81,25.769950153036742,1.39,3,4.938666666666666,Industrials,Safe
UDR,0.016504861343472812,0.19021020606042402,1.0057692660541024,0.00013615125323521927,5.03,3.89,6.44,23.57682320364408,0.872,1,4.796333333333333,Real Estate,Safe
UHS,0.02093814825424451,0.28871498689764774,1.0065914973190135,5.8765258811008815e-05,5.04,17.67,8.12,23.159275577755455,1.319,2,5.7454237288135594,Health Care,Safe
ULTA,0.0227278495412844,0.3367313528358192,0.9922912694703891,5.951489152562576e-05,2.88,6.95,3.95,23.50687356243179,1.34,1,4.690799999999999,Consumer Discretionary,Safe
UNH,0.01736215925196856,0.28259575223830474,0.9998952455768707,9.89314450299878e-06,0.12,11.89,4.62,26.780555577076903,0.634,4,5.7454237288135594,Health Care,Safe
UNP,0.014840828306207903,0.19418203001293985,1.0017925622076838,1.6214964254598132e-05,7.25,9.13,3.61,25.724120119194293,1.052,2,4.938666666666666,Industrials,Safe
UPS,0.016250014097367458,0.28948668821658247,0.9912770804732148,4.4285911435544584e-05,4.5,9.47,4.91,25.346953511077313,0.929,2,4.938666666666666,Industrials,Safe
URI,0.02383526756823059,0.35522070893302626,1.0097880000018906,1.3942306019928129e-05,5.38,5.81,4.55,24.420322810247754,1.767,2,4.938666666666666,Industrials,Safe
USB,0.019068330002625967,0.2536520307510958,1.0052260032299758,0.00011519457129847396,1.06,12.13,11.03,25.001726384137793,1.041,2,8.912463768115943,Financials,Moderate
V,0.012220487902447943,0.16626534671472956,1.0102596457283601,9.739564065245707e-06,1.93,8.27,5.18,27.27141903495975,0.949,3,8.912463768115943,Financials,Risky
VICI,0.014467405896153213,0.18868015135293106,1.0007078273797039,0.00016676030212507936,4.3,5.35,4.27,24.26392075665743,0.967,1,4.796333333333333,Real Estate,Safe
VLO,0.025972419380305988,0.3030168913732307,1.003061483494926,7.312013143306302e-05,19.21,7.23,4.1,24.423163635962627,1.34,2,5.838636363636363,Energy,Risky
VMC,0.017547814540655737,0.23611258998352389,1.006819084725442,2.5864280280845152e-05,13.34,6.97,8.13,24.178825593990265,0.797,2,4.296296296296297,Materials,Safe
VRSK,0.014693323348347364,0.1922701257783939,1.0076623484991318,1.826198124672696e-05,0.13,12.49,3.66,24.46732841060291,0.899,1,4.938666666666666,Industrials,Safe
VRSN,0.015357503878147707,0.18726426929903808,1.0039802553458663,2.9980570287670095e-05,4.85,10.63,5.29,23.84647339068324,0.872,0,4.803181818181818,Information Technology,Safe
VRTX,0.018234101374702383,0.24749541962625088,1.0034858602585568,1.0318958346087475e-05,0.94,13.66,4.97,25.544426048694973,0.415,2,5.7454237288135594,Health Care,Safe
VST,0.04564702655393479,0.6555359784770619,1.05225794564767,0.00016723064124137533,18.92,7.41,3.19,24.464998880537923,1.232,2,4.248064516129032,Utilities,Risky
VTR,0.017154276919516008,0.22285638120083048,1.0104433109340847,8.113389637384698e-05,3.0,4.22,3.95,24.14938901379838,1.401,1,4.796333333333333,Real Estate,Safe
VTRS,0.022222242174169512,0.31998847623736076,0.9992752719052201,0.0008029980324785326,3.1,13.75,9.08,23.133550176883013,0.916,4,5.7454237288135594,Health Care,Risky
VZ,0.014925377388746455,0.2040994963304752,1.0038470408318982,0.0001030885782187002,4.13,10.13,5.07,25.941890434590615,0.396,3,6.428421052631579,Communication Services,Safe
WAB,0.015324009419758634,0.2294920200431654,1.0161649771812162,3.525495711925867e-05,5.97,11.99,4.74,24.158366549799332,1.307,2,4.938666666666666,Industrials,Safe
WAT,0.022697017501490984,0.3379231470323983,1.0086154381432768,2.0149794667796315e-05,1.45,8.11,3.22,23.818317441498174,0.998,0,5.7454237288135594,Health Care,Safe
WBA,0.034982921532539235,0.6124181007152104,0.9729405886958973,0.002185546573742713,1.92,8.48,5.16,22.905513235633126,0.598,2,4.580285714285714,Consumer Staples,Risky
WBD,0.034293552990830596,0.47774298052738196,0.9983457082508165,0.0010573273243339573,2.27,9.16,6.7,24.059251404798122,1.49,2,6.428421052631579,Communication Services,Risky
WDAY,0.02080811080546607,0.32695895262379,0.9984439414876607,3.585065681390963e-05,1.13,9.32,5.73,24.9385827268074,1.377,1,4.803181818181818,Information Technology,Safe
WDC,0.028027870283805368,0.3915216633510704,1.009430086299958,0.0004955534660567025,1.56,3.95,4.17,23.517567454936156,1.457,2,4.803181818181818,Information Technology,Risky
WEC,0.014393809015939635,0.1705589952321602,1.0084188408747137,6.095160963110582e-05,12.2,7.39,3.19,24.262240781375215,0.443,2,4.248064516129032,Utilities,Safe
WELL,0.016029494325268373,0.19167246996960247,1.0180354802701617,2.696196305756523e-05,4.24,2.95,4.33,25.33437833240007,1.191,0,4.796333333333333,Real Estate,Safe
WFC,0.01830110928320424,0.2817537965543007,1.0182775544300766,6.929041936652533e-05,1.5,14.68,18.2,26.25779696624834,1.156,5,8.912463768115943,Financials,Risky
WM,0.012012183890893114,0.1830562406070802,1.0084028475253166,1.7305236857113337e-05,9.43,6.86,2.45,25.26662917040928,0.762,2,4.938666666666666,Industrials,Safe
WMB,0.017028825892121496,0.2225823059507492,1.0185887131417564,9.330142955013528e-05,8.05,9.34,2.22,24.97512270013933,1.071,2,5.838636363636363,Energy,Safe
WMT,0.013068991292445355,0.19170593909686606,1.0229805819849938,2.1815840945210112e-05,7.24,11.65,6.38,27.387648071225065,0.537,3,4.580285714285714,Consumer Staples,Safe
WRB,0.015048372715651048,0.2198428845238763,1.0083025782440282,7.266779238602385e-05,0.65,9.35,11.26,23.908298225788116,0.641,1,8.912463768115943,Financials,Moderate
WST,0.023547301294682115,0.5240874624039407,0.9924128049919553,3.763731490315347e-05,2.94,9.4,5.63,23.525952183288133,1.086,0,5.7454237288135594,Health Care,Risky
WTW,0.01402448854667629,0.1769068337556149,1.010660870932725,1.533392232374751e-05,0.17,7.82,8.35,24.247605867179022,0.72,1,8.912463768115943,Financials,Moderate
WY,0.017479291175113137,0.22274126289217322,0.9971077229988035,0.00015808050036784533,9.18,4.01,2.12,23.84896844371631,1.46,2,4.796333333333333,Real Estate,Safe
WYNN,0.02150387186775746,0.33166011164369186,0.9969202828255057,0.0002397963215878767,3.93,12.02,9.03,22.970575113830247,1.765,2,4.690799999999999,Consumer Discretionary,Risky
XEL,0.015324527768470103,0.21545848802242798,1.0046568780930638,9.736405875803147e-05,13.17,9.48,3.92,24.44437924124541,0.387,2,4.248064516129032,Utilities,Safe
XOM,0.016724158726112614,0.19355160086280276,1.004442992785317,3.4476872167132664e-05,25.09,11.58,6.99,26.870849125978488,0.802,3,5.838636363636363,Energy,Risky
XYL,0.015800428919273524,0.2138655832231664,1.0052515449389152,4.0057272708115394e-05,10.49,8.01,4.36,24.174186291007572,1.081,1,4.938666666666666,Industrials,Safe
YUM,0.014849051894333677,0.19080163451504123,1.0042678026489058,4.438191703847891e-05,7.04,10.25,3.22,24.502887742682525,1.029,2,4.690799999999999,Consumer Discretionary,Safe
ZBH,0.016387190894315572,0.21532932658328058,0.9948438265798834,7.388049823449868e-05,4.89,13.99,7.31,23.766704759164575,1.039,2,5.7454237288135594,Health Care,Safe
ZBRA,0.021173522115189202,0.3163271220222677,1.0118153053003933,2.4490115097601667e-05,1.79,3.34,4.81,23.48107041841852,1.679,0,4.803181818181818,Information Technology,Safe
ZTS,0.018960697424235166,0.2534842166040454,0.9952453271833132,3.447904026093714e-05,2.68,5.8,6.6,25.05875057629247,0.941,2,5.7454237288135594,Health Care,Safe
